[
  {
    "id": "83d2d36b-05c1-4102-a18f-78b1804f5f2b",
    "data": [
      {
        "text": "Christian",
        "meta": "@sys.person",
        "alias": "person",
        "userDefined": false
      }
    ],
    "isTemplate": false,
    "count": 0,
    "lang": "de",
    "updated": 0
  },
  {
    "id": "95228697-c6b7-45f8-bdbd-52ee2790ba49",
    "data": [
      {
        "text": "Hans",
        "meta": "@sys.person",
        "alias": "person",
        "userDefined": false
      }
    ],
    "isTemplate": false,
    "count": 0,
    "lang": "de",
    "updated": 0
  },
  {
    "id": "4a2b1337-31f6-48ec-bcd0-8ad0995ded0f",
    "data": [
      {
        "text": "Peter",
        "meta": "@sys.person",
        "alias": "person",
        "userDefined": false
      }
    ],
    "isTemplate": false,
    "count": 0,
    "lang": "de",
    "updated": 0
  }
]